chain,scenario,time_h,parent_fraction,intermediate_fraction,daughter_fraction,daughter_fraction_per_natural_element_atom
La_to_Ce,solid_reference,0,1.0,0.0,0.0,0.0
La_to_Ce,solid_reference,6,0.9999998071120186,1.8326517145752766e-07,9.622809907547577e-09,9.614149378630784e-09
La_to_Ce,solid_reference,12,0.9999996142240745,3.4855406864020743e-07,3.7221856897471716e-08,3.7188357226263994e-08
La_to_Ce,solid_reference,24,0.9999992284482977,6.320831595729345e-07,1.3946854273253847e-07,1.3934302104407917e-07
La_to_Ce,solid_reference,48,0.9999984568971906,1.0503265273186613e-06,4.927762821017211e-07,4.923327834478295e-07
La_to_Ce,solid_reference,72,0.9999976853466788,1.327073989622973e-06,9.875793316107332e-07,9.866905102122835e-07
La_to_Ce,solid_reference,168,0.9999945991505846,1.7645910282127828e-06,3.6362583871473377e-06,3.6329857545989052e-06
La_to_Ce,solid_reference,336,0.9999891983303385,1.862582725131429e-06,8.93908693636622e-06,8.93104175812349e-06
La_to_Ce,solid_reference,720,0.9999768537078796,1.8683147213557592e-06,2.12779773990571e-05,2.1258827219397946e-05
La_to_Ce,solid_reference,1440,0.99995370795151,1.8682792591432479e-06,4.44237692309054e-05,4.438378783859758e-05
La_to_Ce,solid_reference,2880,0.9999074180459736,1.868192772701607e-06,9.07137612536923e-05,9.063211886856397e-05
La_to_Ce,solid_reference,8760,0.9997184231701988,1.8678396611488492e-06,0.0002797089901400845,0.0002794572520489584
La_to_Ce,liquid_standard_same_source,0,1.0,0.0,0.0,0.0
La_to_Ce,liquid_standard_same_source,6,0.9999998147604086,1.75998344972518e-07,9.241246471157513e-09,9.232929349333472e-09
La_to_Ce,liquid_standard_same_source,12,0.9999996295208514,3.347332118422994e-07,3.574593673916019e-08,3.5713765396094946e-08
La_to_Ce,liquid_standard_same_source,24,0.9999992590418401,6.070198198099169e-07,1.3393834012943644e-07,1.3381779562331994e-07
La_to_Ce,liquid_standard_same_source,48,0.9999985180842291,1.0086790344543687e-06,4.732367364190522e-07,4.7281082335627506e-07
La_to_Ce,liquid_standard_same_source,72,0.9999977771271672,1.2744529467348418e-06,9.484198860673612e-07,9.475663081699005e-07
La_to_Ce,liquid_standard_same_source,168,0.9999948133044099,1.6946217562931685e-06,3.4920738338382385e-06,3.488930967387784e-06
La_to_Ce,liquid_standard_same_source,336,0.9999896266357214,1.7887282655447024e-06,8.584636013015025e-06,8.57690984060331e-06
La_to_Ce,liquid_standard_same_source,720,0.9999777714940234,1.7942338546196888e-06,2.043427212193177e-05,2.041588127702203e-05
La_to_Ce,liquid_standard_same_source,1440,0.9999555434821534,1.7942014452484049e-06,4.266231640132105e-05,4.262392031655986e-05
La_to_Ce,liquid_standard_same_source,2880,0.9999110889406888,1.7941216813309649e-06,8.711693762986096e-05,8.703853238599408e-05
La_to_Ce,liquid_standard_same_source,8760,0.9997295867396847,1.793796015341626e-06,0.0002686194642999526,0.00026837770678208266
La_to_Ce,liquid_hypothesis_source_x10,0,1.0,0.0,0.0,0.0
La_to_Ce,liquid_hypothesis_source_x10,6,0.9999981476056296,1.7599819574032414e-06,9.241241304635344e-08,9.232924187461172e-08
La_to_Ce,liquid_hypothesis_source_x10,12,0.9999962952146905,3.347326345996952e-06,3.574589635359354e-07,3.5713725046875307e-07
La_to_Ce,liquid_hypothesis_source_x10,24,0.9999925904431064,6.070176569118921e-06,1.3393803244816454e-06,1.3381748821896118e-06
La_to_Ce,liquid_hypothesis_source_x10,48,0.9999851809411143,1.0086713924302095e-05,4.732344961371269e-06,4.728085850906035e-06
La_to_Ce,liquid_hypothesis_source_x10,72,0.9999777714940234,1.2744376312986303e-05,9.484129663565157e-06,9.475593946867949e-06
La_to_Ce,liquid_hypothesis_source_x10,168,0.9999481342546629,1.6945653656923725e-05,3.4920091680185915e-05,3.488866359767375e-05
La_to_Ce,liquid_hypothesis_source_x10,336,0.9998962711993814,1.7885896427343067e-05,8.584290419125351e-05,8.576564557748138e-05
La_to_Ce,liquid_hypothesis_source_x10,720,0.9997777371737082,1.793903905709517e-05,0.00020432378723469067,0.00020413989582617945
La_to_Ce,liquid_hypothesis_source_x10,1440,0.9995555237481804,1.7935126599496335e-05,0.0004265411252201513,0.00042615723820745314
La_to_Ce,liquid_hypothesis_source_x10,2880,0.9991112450554991,1.792715486196067e-05,0.0008708277896389529,0.0008700440446282778
La_to_Ce,liquid_hypothesis_source_x10,8760,0.997299155575058,1.789464035579295e-05,0.0026829497845862133,0.0026805351297800855
Y_to_Zr,solid_reference,0,1.0,0.0,0.0,0.0
Y_to_Zr,solid_reference,6,0.9999999723520003,2.6769498800706372e-08,8.785008667730669e-10,8.785008667730669e-10
Y_to_Zr,solid_reference,12,0.9999999447040016,5.1856034734569295e-08,3.439963712211164e-09,3.439963712211164e-09
Y_to_Zr,solid_reference,24,0.9999998894080061,9.739678852985199e-08,1.319520536610676e-08,1.319520536610676e-08
Y_to_Zr,solid_reference,48,0.9999997788160244,1.725152094541319e-07,4.866876612533234e-08,4.866876612533234e-08
Y_to_Zr,solid_reference,72,0.9999996682240551,2.3045117435980027e-07,1.0132477057969387e-07,1.0132477057969387e-07
Y_to_Zr,solid_reference,168,0.9999992258562996,3.566778257538422e-07,4.1746587461226115e-07,4.1746587461226115e-07
Y_to_Zr,solid_reference,336,0.9999984517131986,4.1457897257153186e-07,1.1337078288622862e-06,1.1337078288622862e-06
Y_to_Zr,solid_reference,720,0.9999966822455038,4.2562334675899995e-07,2.8921311494869394e-06,2.8921311494869394e-06
Y_to_Zr,solid_reference,1440,0.999993364502015,4.2579776007885844e-07,6.209700224884798e-06,6.209700224884798e-06
Y_to_Zr,solid_reference,2880,0.9999867290480599,4.257950073621074e-07,1.2845156932785384e-05,1.2845156932785384e-05
Y_to_Zr,solid_reference,8760,0.9999596347346993,4.2578347058565894e-07,3.9939481830126834e-05,3.9939481830126834e-05
Y_to_Zr,liquid_standard_same_source,0,1.0,0.0,0.0,0.0
Y_to_Zr,liquid_standard_same_source,6,0.9999999734482984,2.570803514645596e-08,8.436664686846844e-10,8.436664686846844e-10
Y_to_Zr,liquid_standard_same_source,12,0.9999999468965973,4.979984026564707e-08,3.303562409522702e-09,3.303562409522702e-09
Y_to_Zr,liquid_standard_same_source,24,0.9999998937931975,9.353481309673711e-08,1.2671989367022575e-08,1.2671989367022575e-08
Y_to_Zr,liquid_standard_same_source,48,0.9999997875864064,1.6567464036701802e-07,4.67389532362265e-08,4.67389532362265e-08
Y_to_Zr,liquid_standard_same_source,72,0.9999996813796266,2.213133303237214e-07,9.73070430947331e-08,9.73070430947331e-08
Y_to_Zr,liquid_standard_same_source,168,0.9999992565526199,3.4253485001070486e-07,4.009125300919749e-07,4.009125300919749e-07
Y_to_Zr,liquid_standard_same_source,336,0.9999985131057924,3.9814011324521543e-07,1.0887540944021448e-06,1.0887540944021448e-06
Y_to_Zr,liquid_standard_same_source,720,0.9999968138008337,4.0874658462448806e-07,2.7774525816584444e-06,2.7774525816584444e-06
Y_to_Zr,liquid_standard_same_source,1440,0.9999936276118193,4.0891413590264e-07,5.9634740447838875e-06,5.9634740447838875e-06
Y_to_Zr,liquid_standard_same_source,2880,0.999987255264246,4.089115999252298e-07,1.23358241540415e-05,1.23358241540415e-05
Y_to_Zr,liquid_standard_same_source,8760,0.999961235266425,4.089009599106985e-07,3.8355832615092284e-05,3.8355832615092284e-05
Y_to_Zr,liquid_hypothesis_source_x10,0,1.0,0.0,0.0,0.0
Y_to_Zr,liquid_hypothesis_source_x10,6,0.999999734483015,2.5708032041552664e-07,8.436664538612803e-09,8.436664538612803e-09
Y_to_Zr,liquid_hypothesis_source_x10,12,0.9999994689661006,4.979982810771454e-07,3.303561833197145e-08,3.303561833197145e-08
Y_to_Zr,liquid_hypothesis_source_x10,24,0.9999989379324833,9.353476646066779e-07,1.267198521038852e-07,1.267198521038852e-07
Y_to_Zr,liquid_hypothesis_source_x10,48,0.9999978758660946,1.6567446835612177e-06,4.6738922187331546e-07,4.6738922187331546e-07
Y_to_Zr,liquid_hypothesis_source_x10,72,0.9999968138008337,2.213129722098992e-06,9.730694441839406e-07,9.730694441839406e-07
Y_to_Zr,liquid_hypothesis_source_x10,168,0.9999925655510705,3.4253337455658387e-06,4.009115183911695e-06,4.009115183911695e-06
Y_to_Zr,liquid_hypothesis_source_x10,336,0.999985131157412,3.98136106382477e-06,1.0887481524120305e-05,1.0887481524120305e-05
Y_to_Zr,liquid_hypothesis_source_x10,720,0.9999681384651675,4.087363630501926e-06,2.7774171201976073e-05,2.7774171201976073e-05
Y_to_Zr,liquid_hypothesis_source_x10,1440,0.9999362779454924,4.0889218948596046e-06,5.963313261269381e-05,5.963313261269381e-05
Y_to_Zr,liquid_hypothesis_source_x10,2880,0.9998725599514852,4.0886620381402535e-06,0.00012335138647669722,0.00012335138647669722
Y_to_Zr,liquid_hypothesis_source_x10,8760,0.9996124202789658,4.0875982793712595e-06,0.0003834921227548323,0.0003834921227548323
Ce_to_Pr,solid_reference,0,1.0,0.0,0.0,0.0
Ce_to_Pr,solid_reference,6,0.999999987688,1.227923902332594e-08,3.2760951763865144e-11,2.898689012066788e-11
Ce_to_Pr,solid_reference,12,0.9999999753760003,2.4493188452583733e-08,1.308112755512715e-10,1.1574181660776503e-10
Ce_to_Pr,solid_reference,24,0.9999999507520012,4.8726605277676564e-08,5.213935124596295e-10,4.613289798242802e-10
Ce_to_Pr,solid_reference,48,0.9999999015040049,9.642511521842157e-08,2.0708799193601678e-09,1.8323145526498765e-09
Ce_to_Pr,solid_reference,72,0.999999852256011,1.4311722182291268e-07,4.626767220023936e-09,4.093763636277179e-09
Ce_to_Pr,solid_reference,168,0.9999996552640594,3.2023963731854047e-07,2.4496303253176054e-08,2.1674329118410172e-08
Ce_to_Pr,solid_reference,336,0.9999993105282377,5.960722801691048e-07,9.339948218046466e-08,8.263986183327514e-08
Ce_to_Pr,solid_reference,720,0.9999985225610915,1.0913667901477743e-06,3.8607211840034893e-07,3.4159661036062875e-07
Ce_to_Pr,solid_reference,1440,0.9999970451243656,1.6669788324521148e-06,1.2878968019456652e-06,1.1395310903615246e-06
Ce_to_Pr,solid_reference,2880,0.9999940902574626,2.1306885305467385e-06,3.7790540068998444e-06,3.3437069853049824e-06
Ce_to_Pr,solid_reference,8760,0.9999820246415587,2.308406120041653e-06,1.566695232123841e-05,1.3862119413831746e-05
Ce_to_Pr,liquid_standard_same_source,0,1.0,0.0,0.0,0.0
Ce_to_Pr,liquid_standard_same_source,6,0.9999999881761953,1.1792342868865566e-08,3.146184423028741e-11,2.7837439774958302e-11
Ce_to_Pr,liquid_standard_same_source,12,0.9999999763523907,2.3521985011173922e-08,1.2562430399548249e-10,1.1115238417520291e-10
Ce_to_Pr,liquid_standard_same_source,24,0.9999999527047819,4.679449887744258e-08,5.007191977847198e-10,4.430363461999201e-10
Ce_to_Pr,liquid_standard_same_source,48,0.9999999054095661,9.260166852554144e-08,1.9887654044670997e-09,1.7596596298724898e-09
Ce_to_Pr,liquid_standard_same_source,72,0.9999998581143524,1.3744234081225926e-07,4.4433067520844784e-09,3.931437814244347e-09
Ce_to_Pr,liquid_standard_same_source,168,0.9999996689335202,3.075415033307387e-07,2.352497645546305e-08,2.0814899167793705e-08
Ce_to_Pr,liquid_standard_same_source,336,0.9999993378671501,5.724368414173147e-07,8.96960084650539e-08,7.936302828987969e-08
Ce_to_Pr,liquid_standard_same_source,720,0.99999858114443,1.0480919684375265e-06,3.707636015969898e-07,3.2805163469301655e-07
Ce_to_Pr,liquid_standard_same_source,1440,0.9999971622908731,1.6008799320552645e-06,1.2368291948463574e-06,1.0943464716000572e-06
Ce_to_Pr,liquid_standard_same_source,2880,0.9999943245897988,2.0462028409019886e-06,3.6292073603426353e-06,3.211122672431164e-06
Ce_to_Pr,liquid_standard_same_source,8760,0.9999827373939851,2.216874621272885e-06,1.5045731393594403e-05,1.3312463137052328e-05
Ce_to_Pr,liquid_hypothesis_source_x10,0,1.0,0.0,0.0,0.0
Ce_to_Pr,liquid_hypothesis_source_x10,6,0.999999881761959,1.1792342240871493e-07,3.146186160169702e-10,2.7837455145181524e-10
Ce_to_Pr,liquid_hypothesis_source_x10,12,0.9999997635239318,2.3521982503651608e-07,1.256243135159912e-09,1.1115239259894901e-09
Ce_to_Pr,liquid_hypothesis_source_x10,24,0.9999995270479196,4.6794488882845205e-07,5.007191559659488e-09,4.430363091986715e-09
Ce_to_Pr,liquid_hypothesis_source_x10,48,0.9999990540960629,9.260162882883008e-07,1.9887648777982814e-08,1.7596591638759196e-08
Ce_to_Pr,liquid_hypothesis_source_x10,72,0.99999858114443,1.374422521217407e-06,4.443304881710915e-08,3.931436159337818e-08
Ce_to_Pr,liquid_hypothesis_source_x10,168,0.9999966893401349,3.075410337613128e-06,2.3524952752799086e-07,2.0814878195676632e-07
Ce_to_Pr,liquid_hypothesis_source_x10,336,0.9999933786912302,5.72435051045486e-06,8.969582593726118e-07,7.93628667892887e-07
Ce_to_Pr,liquid_hypothesis_source_x10,720,0.9999858115348912,1.0480845678528154e-05,3.707619430282734e-06,3.2805016719141633e-06
Ce_to_Pr,liquid_hypothesis_source_x10,1440,0.9999716232710949,1.6008552446001854e-05,1.2368176459097714e-05,1.0943362531009658e-05
Ce_to_Pr,liquid_hypothesis_source_x10,2880,0.9999432473474286,2.046130401769119e-05,3.629134855374339e-05,3.2110585200352155e-05
Ce_to_Pr,liquid_hypothesis_source_x10,8760,0.9998273873491249,2.216574324248934e-05,0.00015044690763260312,0.00013311542387332725
Pd_to_Ag,solid_reference,0,1.0,0.0,0.0,0.0
Pd_to_Ag,solid_reference,6,0.999999815320017,1.5883373060768865e-07,2.5846252365313048e-08,6.838918375861832e-09
Pd_to_Ag,solid_reference,12,0.9999996306400682,2.7538693879030746e-07,9.397299296082678e-08,2.4865253937434768e-08
Pd_to_Ag,solid_reference,24,0.9999992612802728,4.23675021663455e-07,3.1504470550342605e-07,8.336082907620654e-08
Pd_to_Ag,solid_reference,48,0.9999985225610915,5.465202165846398e-07,9.309186919634835e-07,2.463210858935377e-07
Pd_to_Ag,solid_reference,72,0.9999977838424556,5.821391390861969e-07,1.6340184052795741e-06,4.323612700369753e-07
Pd_to_Ag,solid_reference,168,0.9999948289733698,5.96579944344472e-07,4.574446685879591e-06,1.2103985930837398e-06
Pd_to_Ag,solid_reference,336,0.9999896579734792,5.966796500580528e-07,9.745346870779547e-06,2.5786187820082682e-06
Pd_to_Ag,solid_reference,720,0.9999778386455664,5.96672615346422e-07,2.156468181821218e-05,5.706014809098943e-06
Pd_to_Ag,solid_reference,1440,0.9999556777822585,5.966593922731126e-07,4.3725558349259445e-05,1.1569782739214049e-05
Pd_to_Ag,solid_reference,2880,0.999911357528976,5.966329470056108e-07,8.804583807701962e-05,2.3296928755179394e-05
Pd_to_Ag,solid_reference,8760,0.9997304035476565,5.965249743274987e-07,0.00026899992736915154,7.117738078187749e-05
Pd_to_Ag,liquid_standard_same_source,0,1.0,0.0,0.0,0.0
Pd_to_Ag,liquid_standard_same_source,6,0.9999998226429436,1.525356590634346e-07,2.482139731112618e-08,6.567741728523987e-09
Pd_to_Ag,liquid_standard_same_source,12,0.9999996452859188,2.644673031512006e-07,9.024677806758705e-08,2.3879297476683534e-08
Pd_to_Ag,liquid_standard_same_source,24,0.9999992905719634,4.068754747437343e-07,3.0255256190557234e-07,8.005540788021444e-08
Pd_to_Ag,liquid_standard_same_source,48,0.99999858114443,5.248496282746358e-07,8.940059417598804e-07,2.3655397218966435e-07
Pd_to_Ag,liquid_standard_same_source,72,0.9999978717173998,5.590562058992574e-07,1.5692263942563714e-06,4.152173039202359e-07
Pd_to_Ag,liquid_standard_same_source,168,0.9999950340143124,5.729244714271017e-07,4.3930612161279175e-06,1.162403997787447e-06
Pd_to_Ag,liquid_standard_same_source,336,0.9999900680532859,5.73020341101927e-07,9.358926372957132e-06,2.476371918284457e-06
Pd_to_Ag,liquid_standard_same_source,720,0.9999787173778292,5.730138538807762e-07,2.070960831694544e-05,5.479762360663763e-06
Pd_to_Ag,liquid_standard_same_source,1440,0.9999574352086084,5.730016586434254e-07,4.199178973299817e-05,1.1111027563351316e-05
Pd_to_Ag,liquid_standard_same_source,2880,0.9999148722289782,5.729772689473583e-07,8.455479375281725e-05,2.2373198426995444e-05
Pd_to_Ag,liquid_standard_same_source,8760,0.9997410921971815,5.72877688462277e-07,0.000258334925129991,6.835542118939562e-05
Pd_to_Ag,liquid_hypothesis_source_x10,0,1.0,0.0,0.0,0.0
Pd_to_Ag,liquid_hypothesis_source_x10,6,0.999998226430852,1.5253553105382055e-06,2.4821383745100134e-07,6.567738138953496e-08
Pd_to_Ag,liquid_hypothesis_source_x10,12,0.9999964528648496,2.644668377282524e-06,9.024667731009942e-07,2.387927081625231e-07
Pd_to_Ag,liquid_hypothesis_source_x10,24,0.9999929057422814,4.068739144141718e-06,3.0255185744677798e-06,8.005522148041746e-07
Pd_to_Ag,liquid_hypothesis_source_x10,48,0.9999858115348912,5.2484501770453305e-06,8.940014931765557e-06,2.3655279509451664e-06
Pd_to_Ag,liquid_hypothesis_source_x10,72,0.9999787173778292,5.590481131059099e-06,1.5692141039767117e-05,4.152140519122379e-06
Pd_to_Ag,liquid_hypothesis_source_x10,168,0.9999503412528553,5.729018158995464e-06,4.392972898569197e-05,1.1623806289614095e-05
Pd_to_Ag,liquid_hypothesis_source_x10,336,0.9999006849717018,5.72972077219138e-06,9.358530752599446e-05,2.4762672371378136e-05
Pd_to_Ag,liquid_hypothesis_source_x10,720,0.9997871941598854,5.7290706070386075e-06,0.0002070767695075885,5.479251321170792e-05
Pd_to_Ag,liquid_hypothesis_source_x10,1440,0.9995744336060962,5.727851427355001e-06,0.0004198385424764318,0.00011108927833926385
Pd_to_Ag,liquid_hypothesis_source_x10,2880,0.9991490483189481,5.725413846278245e-06,0.000845226267205592,0.00022364687030259963
Pd_to_Ag,liquid_hypothesis_source_x10,8760,0.9974139363863727,5.7154711516419195e-06,0.002580348142475701,0.0006827601184990705
